<?xml version="1.0" encoding="UTF-8"?>
<beans xmlns="http://www.springframework.org/schema/beans"
	xmlns:xsi="http://www.w3.org/2001/XMLSchema-instance"
	xsi:schemaLocation="http://www.springframework.org/schema/beans https://www.springframework.org/schema/beans/spring-beans.xsd">
	
<!-- 	Root Context: defines shared resources visible to all other web components
	 -->	
	<bean id="dataSource" class="org.springframework.jdbc.datasource.DriverManagerDataSource">    
		<property name="driverClassName" value="com.mysql.cj.jdbc.Driver" />
		<property name="url" value="jdbc:mysql://127.0.0.1:3306/gamedori?useUnicode=true&amp;characterEncoding=utf-8&amp;serverTimezone=UTC" />
		<property name="username" value ="root" />
		<property name="password" value ="1234" />
	</bean>
	
	<!--  mybatis 객체 등록
	 DB connection 및 close 역활
	세터 주입 데이터베이스 연결 -->
	<bean id ="sqlSessionFactory" class="org.mybatis.spring.SqlSessionFactoryBean">
		<property name="dataSource"  ref="dataSource"/>
		<property name="configLocation" value="classpath:mybatis-config.xml" />
		<property name="mapperLocations" value="classpath:mappers/**/*Mapper.xml"/>
	</bean>
	
<!-- 	생성자 bean 생성 sissionFactory 라는 데이터베이스 연결을 참조 -->
	<bean id="sqlSession" class="org.mybatis.spring.SqlSessionTemplate" destroy-method="clearCache">
	
		<constructor-arg name="sqlSessionFactory" ref="sqlSessionFactory"></constructor-arg>
	
	</bean>
	
</beans>
