<?xml version="1.0" encoding="UTF-8"?>


<beans:beans xmlns="http://www.springframework.org/schema/mvc"
	xmlns:xsi="http://www.w3.org/2001/XMLSchema-instance"
	xmlns:beans="http://www.springframework.org/schema/beans"
	xmlns:context="http://www.springframework.org/schema/context"
	xmlns:aop="http://www.springframework.org/schema/aop"
	xsi:schemaLocation="http://www.springframework.org/schema/mvc https://www.springframework.org/schema/mvc/spring-mvc.xsd
		http://www.springframework.org/schema/beans https://www.springframework.org/schema/beans/spring-beans.xsd
		http://www.springframework.org/schema/context https://www.springframework.org/schema/context/spring-context.xsd
		http://www.springframework.org/schema/aop http://www.springframework.org/schema/aop/spring-aop-3.1.xsd
		http://www.springframework.org/schema/util/spring-util-4.0.xsd
		http://www.springframework.org/schema/beans/spring-beans-3.0.xsd
		http://www.springframework.org/schema/util http://www.springframework.org/schema/util/spring-util-4.0.xsd

		
		http://www.springframework.org/schema/util/spring-util-4.0.xsd
		">
	
	
	<!-- DispatcherServlet Context: defines this servlet's request-processing infrastructure -->
	
	<!-- Enables the Spring MVC @Controller programming model -->
	<annotation-driven />
	
	<!-- Handles HTTP GET requests for /resources/** by efficiently serving up static resources in the ${webappRoot}/resources directory -->
	<resources mapping="/resources/**" location="/resources/" />
	<resources mapping="/js/**" location="/resources/js/" />
	<resources mapping="/css/**" location="/resources/css/" />
	<resources mapping="/images/**" location="/resources/images/" />

	<!-- Resolves views selected for rendering by @Controllers to .jsp resources in the /WEB-INF/views directory -->
	<beans:bean class="org.springframework.web.servlet.view.InternalResourceViewResolver">
		<beans:property name="prefix" value="/WEB-INF/views/" />
		<beans:property name="suffix" value=".jsp" />
	</beans:bean>
	<!-- ****************** 메일 보내기 빈 등록 시작 ************************** -->
	<!-- 메일센더가 사용할 프로퍼티 등록 -->
	
	
	
	<context:component-scan base-package="game.dori.controller" />
	<context:component-scan base-package="game.dori.service" />
	<context:component-scan base-package="game.dori.dao" />
	<context:component-scan base-package="game.dori.vo" />
	<context:component-scan base-package="game.dori.util" />
	
	
	
	
	
<beans:bean id="multipartResolver" 
	class="org.springframework.web.multipart.support.StandardServletMultipartResolver" />
	
	
	
</beans:beans>
